15:13:00,7308,0.68329415
15:12:59,7301,0.13903247
15:12:55,7300.5,0.244
15:12:55,7300.11,0.25
15:12:55,7300,0.1
15:12:55,7300,0.05
15:12:55,7300,0.28111811
15:12:55,7300,0.00723076
15:12:50,7300,0.01050713
15:12:49,7300,0.01035084
15:12:43,7299.89,0.07608878
15:12:43,7299.89,0.05101592
15:12:39,7299,0.01068983
15:12:23,7299,0.01357241
15:12:22,7299,1.34974052
15:12:22,7299,0.64325852
15:12:16,7299,0.06871203
15:12:15,7299,0.00345895
15:12:14,7299,0.0013715
15:12:07,7298.99,0.06269051
15:12:05,7299,0.06440507
15:14:45,7300.01,1.53472144
15:14:29,7300.01,1.7
15:14:29,7310.11,0.47170917
15:14:09,7310,0.05150852
15:14:09,7300.01,0.05035725
15:14:07,7309.44,0.07968798
15:14:07,7309.44,0.01031202
15:14:07,7308.99,0.00005546
15:14:05,7308.99,0.06271816
15:14:02,7308,0.06306762
15:15:53,7299.01,0.00125445
15:15:49,7312.05,3.782
15:15:48,7312.05,0.218
15:15:45,7312.05,0.04150551
15:15:42,7312.08,0.0034926
15:15:41,7315.81,0.00402741
15:15:41,7313,0.02620416
15:15:38,7310.11,0.1
15:15:26,7310.11,0.10042852
15:15:26,7299.01,0.01608844
15:15:25,7299.89,0.025
15:15:24,7300,0.04076109
15:15:19,7300,0.00773039
15:15:16,7302.46,0.08999782
15:15:15,7300.97,0.00000587
15:15:15,7300.01,0.15827413
15:15:14,7300.01,0.05099552
15:15:14,7310.11,0.01065666
15:15:13,7310,0.10583316
15:15:12,7300.01,0.00941178
15:15:12,7309.44,0.04300506
15:15:10,7309.44,0.56003228
15:15:05,7308.99,0.01256505
15:14:45,7308.99,1.53472144
15:14:29,7308,1.7
15:17:46,7313.41,0.00775339
15:17:45,7302.02,7.6219545
15:17:45,7302.02,2.3780455
15:17:44,7302.01,5
15:17:30,7302.01,0.10928498
15:17:25,7300.01,0.00413152
15:17:25,7300.01,0.00628349
15:17:15,7300.01,0.04773205
15:17:12,7300.01,0.03535587
15:17:08,7302.01,0.00155069
15:17:05,7313.93,0.1270779
15:16:51,7313.93,0.00936749
15:16:51,7313.93,0.00086528
15:16:32,7313.96,0.00174657
15:16:32,7299.01,0.00174657
15:16:32,7312.05,0.0087342
15:16:31,7312.05,0.04655841
15:16:28,7312.05,0.00928462
15:16:19,7312.08,0.01995313
15:15:53,7315.81,0.00125445
15:15:49,7313,3.782
15:15:48,7310.11,0.218
15:15:45,7310.11,0.04150551
15:15:42,7299.01,0.0034926
15:15:41,7299.89,0.00402741
15:15:41,7300,0.02620416
15:15:38,7300,0.1
15:15:26,7302.46,0.10042852
15:15:26,7300.97,0.01608844
15:15:25,7300.01,0.025
15:15:24,7300.01,0.04076109
15:15:19,7310.11,0.00773039
15:15:16,7310,0.08999782
15:15:15,7300.01,0.00000587
15:15:15,7309.44,0.15827413
15:15:14,7309.44,0.05099552
15:15:14,7308.99,0.01065666
15:15:13,7308.99,0.10583316
15:15:12,7308,0.00941178
15:19:08,7299,0.02815925
15:19:08,7299,0.25
15:19:08,7302.01,0.21787841
15:19:07,7315.21,0.62
15:19:05,7302.01,0.13831767
15:19:05,7315.28,0.00422692
15:18:52,7315.28,0.15
15:20:27,7299.94,0.00125572
15:20:26,7299.94,0.0339382
15:20:21,7299.95,0.00083715
15:20:21,7299.95,0.02324193
15:20:05,7299.96,0.01257131
15:20:02,7299.96,5.57540805
15:20:01,7299.96,0.44
15:19:54,7300,0.00678767
15:19:53,7302.03,0.01521211
15:19:51,7302.03,0.06437678
15:19:51,7302.03,0.0053
15:19:35,7302,0.0552987
15:19:28,7285.35,2.15779475
15:19:28,7299,0.44
15:19:25,7299,3.63175538
15:19:23,7302.01,5
15:19:21,7315.21,5
15:19:20,7302.01,0.44
15:19:09,7315.28,0.44
15:19:09,7315.28,0.37440165
15:22:25,7288.15,0.06
15:22:24,7288.15,0.0102592
15:22:23,7288.15,0.03011908
15:22:23,7288.15,0.045435
15:22:23,7299.94,0.01746991
15:22:22,7288.18,0.0155085
15:22:21,7288.18,0.71789129
15:22:21,7295.14,0.02257382
15:22:20,7293.14,0.07565302
15:22:18,7293.14,1.3687
15:22:11,7293.14,0.05
15:22:06,7293.14,0.06289804
15:22:05,7299.95,0.01666362
15:22:05,7299.95,0.12719898
15:21:59,7299.95,0.039984
15:21:56,7299.94,0.06140594
15:21:56,7299.94,0.01859406
15:21:55,7299.94,0.00682474
15:21:49,7299.95,0.03101492
15:21:48,7299.94,2.38
15:21:48,7299.94,0.06609979
15:21:45,7299.94,0.07
15:21:45,7299.94,0.00680188
15:21:43,7299.94,0.05
15:21:22,7299.94,0.01041662
15:21:15,7299.94,1.66522774
15:21:15,7299.94,0.04
15:21:15,7299.94,0.03178802
15:21:14,7299.94,0.04
15:21:07,7299.94,0.02
15:21:06,7299.94,0.05
15:21:06,7299.94,0.06285668
15:21:02,7299.94,0.00122541
15:21:01,7299.94,0.0133553
15:20:57,7287.6,0.13646672
15:20:56,7287.6,0.00465076
15:20:56,7299.95,0.0174684
15:20:56,7299.94,0.00873511
15:20:55,7299.95,0.03
15:20:54,7299.94,0.01
15:20:53,7299.94,0.03
15:20:53,7299.94,0.04
15:20:52,7299.94,0.7466624
15:20:52,7299.94,0.0353376
15:20:50,7299.95,0.218
15:20:48,7299.95,0.05
15:20:47,7299.96,0.00555456
15:20:47,7299.96,0.25
15:20:45,7299.96,0.02381049
15:20:44,7300,0.06082242
15:20:44,7302.03,0.04
15:20:36,7302.03,0.05874428
15:20:36,7302.03,0.40800136
15:20:28,7302,1.9687198
15:20:27,7285.35,0.00125572
15:20:26,7299,0.0339382
15:20:21,7299,0.00083715
15:20:21,7302.01,0.02324193
15:20:05,7315.21,0.01257131
15:20:02,7302.01,5.57540805
15:20:01,7315.28,0.44
15:19:54,7315.28,0.00678767
15:23:58,7291.17,0.00155084
15:23:44,7291.17,0.29564776
15:23:36,7291.19,0.28585535
15:23:36,7291.19,1.44121374
15:23:30,7291.16,0.20087294
15:23:29,7291.16,0.20087271
15:23:28,7282.14,0.99847265
15:23:28,7280,0.02480584
15:23:27,7280,1.07519416
15:23:26,7282.14,0.151
15:23:26,7282.17,0.36005967
15:23:26,7282.17,0.25330187
15:23:25,7282.16,0.652
15:23:25,7282.16,0.678
15:23:25,7291.18,0.03138736
15:23:25,7291.18,0.07313842
15:23:24,7291.19,0.61761264
15:23:24,7282.5,0.09651606
15:23:23,7282.5,0.00680191
15:23:21,7282.5,0.19251182
15:23:20,7297.05,0.0194118
15:23:20,7291.98,0.16894514
15:23:20,7291.98,0.06194726
15:23:19,7288.16,0.2091076
15:23:14,7288.15,1.28960373
15:23:07,7286.16,0.07575461
15:23:05,7286.16,0.24574753
15:23:05,7283.49,0.17728159
15:23:03,7283.49,0.19425247
15:23:00,7286.16,0.04266386
15:22:59,7286.16,0.18024827
15:22:58,7286.16,2.14295518
15:22:58,7282.38,0.87494167
15:22:57,7281.24,0.01257131
15:22:54,7281.24,0.41567767
15:22:54,7282.38,0.07640877
15:22:54,7282.38,1.3699
15:22:50,7282.38,1.50559939
15:26:05,7280,0.12742857
15:26:01,7291.16,0.15733706
15:25:55,7291.17,0.01747757
15:25:54,7291.16,0.01131032
15:25:42,7282.17,0.01565734
15:25:37,7291.17,0.01155716
15:25:37,7291.16,0.00007198
15:25:35,7291.16,0.17992802
15:25:31,7291.16,0.04639906
15:25:31,7291.16,0.10069
15:25:28,7291.16,0.27549196
15:25:28,7291.17,0.26338382
15:25:27,7282.17,4.94967
15:25:22,7291.1,0.18782329
15:25:22,7291.1,0.01934457
15:25:20,7291.1,0.00121654
15:25:20,7291.09,0.01747757
15:25:20,7282.17,0.01746695
15:25:08,7282.17,0.02843965
15:25:08,7282.17,0.01811421
15:25:05,7291.17,0.00468579
15:24:24,7291.17,0.05033
15:24:20,7291.19,0.04652031
15:24:15,7291.19,0.01
15:24:09,7291.16,0.05016938
15:24:08,7291.16,0.01548702
15:24:07,7291.16,0.32153902
15:24:05,7282.14,0.5087663
15:24:05,7280,1
15:24:05,7280,0.07238098
15:24:04,7282.14,1
15:23:58,7282.17,0.00155084
15:23:44,7282.17,0.29564776
15:23:36,7282.16,0.28585535
15:23:36,7282.16,1.44121374
15:23:30,7291.18,0.20087294
15:23:29,7291.18,0.20087271
15:23:29,7291.19,0.20087271
15:23:28,7282.5,0.99847265
15:23:28,7282.5,0.02480584
15:23:27,7282.5,1.07519416
15:23:26,7297.05,0.151
15:23:26,7291.98,0.36005967
15:23:26,7291.98,0.25330187
15:23:25,7288.16,0.652
15:23:25,7288.15,0.678
15:23:25,7286.16,0.03138736
15:23:25,7286.16,0.07313842
15:23:24,7283.49,0.61761264
15:23:24,7283.49,0.09651606
15:23:23,7286.16,0.00680191
15:23:21,7286.16,0.19251182
15:23:20,7286.16,0.0194118
15:23:20,7282.38,0.16894514
15:23:20,7281.24,0.06194726
15:23:19,7281.24,0.2091076
15:23:14,7282.38,1.28960373
15:23:07,7282.38,0.07575461
15:23:05,7282.38,0.24574753
16:02:46,7203.13,0.01
16:02:42,7203.13,0.63103221
16:02:42,7203.13,0.00496779
16:02:41,7203.13,0.08818587
16:02:41,7203.13,0.13887539
16:02:40,7203.13,0.01388754
16:02:39,7203.13,2.25908592
16:02:34,7203.13,0.01
16:02:33,7203.13,1.25084147
16:02:32,7203.13,1.3650099
16:02:32,7203.13,0.7675032
16:02:32,7203.14,0.0555818
16:02:31,7203.13,0.00352018
16:02:31,7203.13,5.64012693
16:02:30,7203.13,1.25493808
16:02:30,7203.13,2.50006943
16:02:29,7205,7
16:02:28,7204.5,5.79945323
16:02:28,7203.13,0.01285638
16:02:28,7203.13,0.0027524
16:02:27,7205,7
16:02:27,7213.52,0.636
16:02:25,7205,0.1705796
16:02:25,7205,0.0027524
16:02:24,7205,3.23546335
16:02:23,7205.5,1.64015053
16:02:22,7205,0.01564812
16:02:21,7205,0.08449467
16:02:21,7205,1.19488487
16:02:19,7205,2.5001041
16:02:19,7205,1.65118653
16:02:19,7205,0.05181347
16:02:17,7205,1.673
16:02:15,7205,1.625
16:02:14,7205,0.22020869
16:02:13,7205,0.1
16:02:13,7205,0.28332175
16:02:12,7205,0.14404176
16:02:12,7205,0.33423597
16:02:11,7207.34,2.27979131
16:02:10,7205.98,0.0296
16:02:10,7205.08,0.275
16:02:09,7205,0.23941187
16:02:02,7203.21,0.82239119
16:02:01,7204.71,1.24261341
16:01:59,7203.36,0.3516
16:01:58,7203.13,0.246
16:01:58,7213.82,0.14687906
16:01:58,7213.82,0.55336455
16:14:18,7174.24,0.03908195
16:14:18,7180.12,0.07524395
16:14:18,7174.24,0.00261178
16:14:17,7174.24,0.01654498
16:14:14,7165.75,0.00158138
16:14:12,7165.95,0.27974782
16:14:12,7174.24,0.12554677
16:14:11,7174.23,0.72165468
16:14:10,7174.23,0.09130358
16:14:10,7165.76,0.52081759
16:14:09,7171.52,0.09934228
16:14:08,7171.52,0.0160562
16:14:07,7160.03,0.1
16:14:06,7160.03,0.03197834
16:14:06,7171.5,0.1
16:14:04,7171.52,0.02
16:14:04,7160.02,0.02
16:14:00,7148.02,0.22861524
16:13:59,7171.03,1.18906899
16:13:57,7171.03,0.01093101
16:13:54,7171.05,0.03909142
16:13:51,7160.01,0.019923
16:13:48,7152.53,0.02818031
16:13:45,7152.52,0.0102153
16:13:41,7152.52,0.06312014
16:13:40,7149.99,0.0102153
16:13:38,7149.99,2.0058442
16:13:38,7150,0.09316204
16:13:38,7149.99,0.1470779
16:13:38,7149.98,0.06593776
16:13:37,7141.13,0.0409002
16:13:37,7141.13,0.1470779
16:13:35,7149.99,0.7821888
16:13:35,7149.99,0.07390578
16:13:35,7141.14,0.136
16:13:34,7144.37,0.0102153
16:13:32,7140.44,0.1270779
16:13:32,7140.44,0.02
16:13:28,7140.44,0.07864764
16:13:27,7142.02,0.07601001
16:13:22,7142.02,0.0076
16:13:21,7144.38,4.43340541
16:13:20,7144.38,0.64637929
16:13:18,7150,1
16:21:07,7229,0.0634735
16:21:07,7222.68,0.15
16:21:06,7222.68,0.07869559
16:21:05,7222.66,0.26449394
16:21:05,7233.81,0.02953528
16:21:03,7229.34,0.91731298
16:21:02,7233.81,1.0059
16:20:58,7233.8,0.01
16:20:50,7233.8,0.10693717
16:20:50,7233.8,1.11683932
16:20:48,7233.8,0.08690057
16:20:40,7233.8,1.24646011
16:20:34,7233.8,1.13346061
16:20:33,7233.8,0.25525112
16:20:32,7233.8,0.5
16:20:32,7234.54,0.52428459
16:20:31,7234.55,0.21017377
16:20:30,7234.54,0.93
16:20:28,7234.54,0.27
16:20:25,7234.54,3.19927084
16:20:21,7234.54,0.13423398
16:20:20,7234.55,0.04646533
16:20:20,7237.52,1.26616852
16:20:19,7237.52,0.6
16:20:18,7240,0.13054913
16:20:18,7244.18,2.45619637
16:20:18,7244.18,0.04214631
16:20:17,7244.18,0.14989844
20:56:35,7088.70,0.00996000

20:56:15,7088.73,0.00996000
20:57:10,7088.70,0.00526548
20:57:09,7086.18,0.01999998
20:57:09,7086.18,0.00887464
20:57:08,7086.18,0.03060800
20:57:06,7086.17,0.01999998
20:57:06,7088.64,0.01999998
20:57:06,7086.18,0.00610620
20:57:05,7088.70,0.08640058
20:57:04,7088.73,0.30000000
20:57:50,7088.73,0.01992000
20:57:45,7088.54,0.00996000
20:57:15,7086.22,0.50247826
20:57:13,7086.18,0.44500000
20:57:13,7088.70,0.05252174
20:57:10,7086.18,0.00526548
20:57:08,7086.17,0.03060800
20:57:06,7086.18,0.01999998
20:57:06,7088.70,0.00610620
20:57:05,7088.73,0.08640058
21:03:42,7099.03,0.41026872

21:03:41,7099.00,0.20000000
21:03:40,7099.00,0.09328003
21:04:29,7100.00,0.48000000

21:04:08,7100.00,0.01462676
21:04:08,7100.00,0.05000000
21:03:42,7099.03,0.41026872
21:03:41,7099.00,0.20000000
21:03:40,7099.00,0.09328003
21:05:03,7100.00,1.08889392

21:05:02,7100.00,0.01167248
21:04:57,7100.00,0.36637348
21:04:49,7100.00,0.03000000
21:05:38,7100.00,0.04709665

21:05:03,7100.00,1.08889392
21:05:02,7100.00,0.01167248
21:04:57,7100.00,0.36637348
21:06:09,7100.00,0.06463668

21:05:38,7100.00,0.04709665
21:05:03,7100.00,1.08889392
21:05:02,7100.00,0.01167248
21:06:43,7099.84,0.01713314

21:06:43,7099.84,0.01713314

21:07:35,7098.87,0.05409742

21:07:25,7099.84,0.00199000
21:08:07,7098.87,0.04136229

21:08:05,7098.87,0.02232319
21:08:51,7098.77,0.04165300

21:08:45,7098.87,0.05250758
21:08:37,7098.87,0.10251100
21:09:24,7098.77,0.00664760

21:08:51,7098.87,0.04165300
21:08:45,7098.87,0.05250758
21:10:24,7100.00,0.08474053

21:10:24,7100.00,0.23000000
21:10:19,7100.00,0.51575300
21:10:08,7100.00,0.15387573
21:10:02,7099.98,0.31679292
21:10:02,7098.77,0.28377466
21:10:02,7098.77,0.59943242
21:10:44,7099.91,0.01436300

21:10:40,7100.00,0.10171100
21:10:31,7100.00,0.80000000
21:10:31,7100.00,1.40114085
21:10:24,7100.00,0.08474053
21:10:24,7100.00,0.23000000
21:10:19,7099.98,0.51575300
21:10:08,7098.77,0.15387573
21:10:02,7098.77,0.31679292
21:11:22,7099.89,0.49031731

21:11:22,7099.00,0.08425036
21:11:21,7099.00,0.00895995
21:12:04,7100.00,0.05534306

21:12:03,7100.00,1.05242412
21:12:03,7100.00,1.61069180
21:12:03,7100.00,1.44039642
21:11:57,7100.00,0.01619422
21:11:55,7100.00,1.17499613
21:11:54,7100.00,0.01436300
21:11:54,7100.00,0.99909176
21:11:54,7099.89,0.30968269
21:11:22,7099.89,0.49031731
21:11:22,7099.00,0.08425036
21:11:21,7099.00,0.00895995
21:12:31,7107.00,2.24491558

21:12:23,7107.00,0.08082566
21:12:22,7107.00,0.07496320
21:12:21,7104.91,0.10000000
21:12:18,7104.87,0.00885195
21:12:15,7100.00,0.59790732
21:12:12,7100.00,0.58496524
21:12:11,7100.00,6.48258184
21:12:08,7100.00,0.01400000
21:12:06,7100.00,0.17635000
21:12:04,7100.00,0.05534306
21:12:03,7100.00,1.05242412
21:12:03,7100.00,1.61069180
21:12:03,7100.00,1.44039642
21:11:57,7100.00,0.01619422
21:11:55,7099.89,1.17499613
21:11:54,7099.89,0.01436300
21:11:54,7099.00,0.99909176
21:11:54,7099.00,0.30968269
21:13:06,7131.72,0.07390382

21:13:06,7131.09,0.00109618
21:13:05,7130.84,0.90000000
21:13:04,7130.00,0.10000000
21:13:04,7130.00,0.02500000
21:13:03,7124.91,0.10000000
21:12:58,7124.90,2.00000000
21:12:56,7114.95,0.00702800
21:12:49,7114.91,0.10000000
21:12:49,7113.66,0.01198634
21:13:43,7131.76,0.02092409

21:13:37,7131.75,0.00142268
21:13:33,7131.00,1.47239974
21:13:33,7128.66,0.01000000
21:13:29,7128.32,0.01999998
21:13:27,7127.73,4.51989253
21:13:27,7127.73,2.46000004
21:13:26,7126.51,0.02010743
21:13:24,7128.50,1.30894304
21:13:23,7131.72,8.00000000
21:13:21,7131.72,0.01999998
21:13:19,7131.09,0.01999998
21:13:19,7130.84,0.01999998
21:13:14,7130.00,0.68225000
21:13:14,7130.00,6.00880696
21:13:14,7124.91,7.99119304
21:13:13,7124.90,0.00880696
21:13:06,7114.95,0.07390382
21:13:06,7114.91,0.00109618
21:13:05,7113.66,0.90000000
21:14:12,7121.34,0.00880786

21:14:06,7121.34,0.35530211
21:14:05,7131.75,0.14593003
21:14:05,7131.75,0.20306997
21:14:05,7131.75,0.00005000
21:14:02,7131.75,0.00208384
21:14:02,7131.75,0.00210327
21:14:02,7131.76,0.07760743
21:13:57,7131.75,0.14190004
21:13:55,7131.75,0.63863117
21:13:54,7131.75,1.99649879
21:13:54,7131.76,0.14186136
21:13:49,7131.75,0.86930822
21:13:48,7131.00,0.50000000
21:13:43,7128.66,0.02092409
21:13:37,7128.32,0.00142268
21:13:33,7127.73,1.47239974
21:13:33,7127.73,0.01000000
21:13:29,7126.51,0.01999998
21:13:27,7128.50,4.51989253
21:13:27,7131.72,2.46000004
21:13:26,7131.72,0.02010743
21:13:24,7131.09,1.30894304
21:13:23,7130.84,8.00000000
21:13:21,7130.00,0.01999998
21:13:19,7130.00,0.01999998
21:13:19,7124.91,0.01999998
21:13:14,7124.90,0.68225000
21:13:14,7114.95,6.00880696
21:13:14,7114.91,7.99119304
21:13:13,7113.66,0.00880696
21:14:42,7131.66,0.12229742

21:15:12,7125.30,0.07428138

21:15:12,7123.58,0.29400000
21:15:12,7131.66,0.01471862
21:15:37,7123.95,1.01860726

21:15:35,7125.30,0.29500000
21:15:12,7123.58,0.07428138
21:15:12,7131.66,0.29400000
21:16:28,7122.18,1.46693988

21:16:28,7122.18,1.46693988

21:17:24,7129.82,0.00880193

21:17:16,7122.18,0.08894000
21:18:06,7129.90,0.04756729

21:18:05,7129.90,0.00879304
21:18:04,7129.90,0.06435574
21:18:03,7129.90,0.13011122
21:17:50,7129.90,0.02022968
21:18:31,7131.81,0.14000000

21:18:27,7131.80,0.26695656
21:18:27,7131.79,0.15000000
21:18:27,7131.79,0.28341183
21:18:26,7131.79,0.01205763
21:18:22,7131.78,0.39758054
21:18:21,7131.50,0.69305000
21:18:21,7131.20,0.25000000
21:18:20,7129.90,0.82390496
21:18:20,7129.90,0.52894303
21:18:06,7129.90,0.04756729
21:18:05,7129.90,0.00879304
21:18:04,7129.90,0.06435574
21:18:03,7129.90,0.13011122
21:19:07,7131.81,0.01401915

21:19:07,7131.81,1.06893508
21:19:07,7131.80,0.05259693
21:19:03,7131.80,0.03216860
21:18:59,7131.81,0.02523447
21:18:50,7131.80,26.89969833
21:18:50,7131.80,0.25000000
21:18:50,7131.80,0.05069483
21:18:48,7131.80,0.02802180
21:18:47,7131.80,0.00420327
21:18:44,7131.81,0.03708010
21:18:31,7131.80,0.14000000
21:18:27,7131.79,0.26695656
21:18:27,7131.79,0.15000000
21:18:27,7131.79,0.28341183
21:18:26,7131.78,0.01205763
21:18:22,7131.50,0.39758054
21:18:21,7131.20,0.69305000
21:18:21,7129.90,0.25000000
21:18:20,7129.90,0.82390496
21:18:20,7129.90,0.52894303
21:18:06,7129.90,0.04756729
21:18:05,7129.90,0.00879304
21:18:04,7129.90,0.06435574
21:19:51,7131.30,0.02800000

21:19:49,7131.30,0.02800000
21:19:49,7131.30,1.21816603
21:19:49,7131.30,1.84503293
21:19:48,7131.30,1.00000000
21:19:45,7131.30,0.02800000
21:19:43,7131.30,0.02800000
21:19:42,7131.30,0.62831040
21:19:41,7131.30,0.00546479
21:19:40,7131.30,1.83799008
21:19:38,7131.30,5.00000000
21:19:38,7131.30,2.50000000
21:19:37,7131.30,2.14660126
21:19:37,7131.81,0.32571829
21:19:35,7131.81,0.06898951
21:19:35,7131.81,5.00000000
21:19:35,7131.81,0.28288456
21:19:34,7131.81,0.01999998
21:19:32,7131.81,0.01999998
21:19:30,7131.81,0.03096737
21:19:30,7131.81,8.00000000
21:19:29,7131.81,8.00000000
21:19:28,7131.81,8.00000000
21:19:27,7131.81,0.01999998
21:19:26,7131.81,7.00000000
21:20:28,7131.81,0.01000000

21:20:26,7131.81,0.08132469
21:20:26,7131.81,0.02500000
21:20:25,7131.81,1.31355854
21:20:24,7131.30,1.98668380
21:20:21,7131.30,0.35007642
21:20:19,7131.30,0.45555847
21:20:19,7131.30,0.10859126
21:20:17,7131.30,0.63694391
21:20:17,7131.30,0.02500000
21:20:11,7131.30,0.82626972
21:20:09,7131.30,0.08640058
21:20:08,7131.30,0.03404190
21:20:03,7131.30,0.06434311
21:19:58,7131.30,1.01570270
21:19:54,7131.30,0.02800000
21:19:51,7131.30,0.02800000
21:19:49,7131.30,0.02800000
21:19:49,7131.30,1.21816603
21:19:49,7131.30,1.84503293
21:19:48,7131.30,1.00000000
21:19:45,7131.30,0.02800000
21:19:43,7131.30,0.02800000
21:19:42,7131.30,0.62831040
21:19:41,7131.30,0.00546479
21:19:40,7131.30,1.83799008
21:19:38,7131.30,5.00000000
21:19:38,7131.30,2.50000000
21:19:37,7131.81,2.14660126
21:19:37,7131.81,0.32571829
21:19:35,7131.81,0.06898951
21:19:35,7131.81,5.00000000
21:19:35,7131.81,0.28288456
21:19:34,7131.81,0.01999998
21:19:32,7131.81,0.01999998
21:19:30,7131.81,0.03096737
21:19:30,7131.81,8.00000000
21:19:29,7131.81,8.00000000
21:19:28,7131.81,8.00000000
21:19:27,7131.81,0.01999998
21:21:12,7150.00,0.00171539

21:21:06,7150.00,0.06417949
21:21:03,7150.00,0.06977622
21:21:02,7148.00,0.58334250
21:21:02,7147.72,0.02500000
21:21:02,7146.00,0.02500000
21:21:02,7145.01,0.00109623
21:21:01,7144.40,0.02500000
21:21:01,7144.00,0.10000000
21:21:01,7143.72,0.00109622
21:21:01,7143.62,0.02500000
21:21:01,7142.00,0.00111848
21:21:01,7141.07,0.01580655
21:21:01,7140.00,0.02500000
21:21:01,7140.00,0.00109621
21:21:00,7140.00,1.42239585
21:21:00,7138.00,0.50213775
21:21:00,7137.74,0.02500000
21:20:59,7136.00,0.02500000
21:20:59,7135.01,0.00109620
21:20:59,7134.42,0.02500000
21:20:59,7134.00,0.10000000
21:20:59,7134.00,0.00109619
21:20:59,7132.00,0.02404953
21:20:58,7131.81,0.00095047
21:20:55,7131.81,0.02500000
21:20:38,7131.81,0.59197591
21:20:33,7131.81,0.64979439
21:20:32,7131.81,0.10000000
21:20:31,7131.81,2.00000000
21:20:28,7131.81,0.01000000
21:20:26,7131.81,0.08132469
21:20:26,7131.30,0.02500000
21:20:25,7131.30,1.31355854
21:20:24,7131.30,1.98668380
21:20:21,7131.30,0.35007642
21:20:19,7131.30,0.45555847
21:20:19,7131.30,0.10859126
21:20:17,7131.30,0.63694391
21:20:17,7131.30,0.02500000
21:20:11,7131.30,0.82626972
21:20:09,7131.30,0.08640058
21:20:08,7131.30,0.03404190
21:20:03,7131.30,0.06434311
21:19:58,7131.30,1.01570270
21:19:54,7131.30,0.02800000
21:19:51,7131.30,0.02800000
21:19:49,7131.30,0.02800000
21:19:49,7131.30,1.21816603
21:19:49,7131.30,1.84503293
21:19:48,7131.30,1.00000000
21:19:45,7131.30,0.02800000
21:19:43,7131.30,0.02800000
21:19:42,7131.30,0.62831040
21:19:41,7131.30,0.00546479
21:19:40,7131.30,1.83799008
21:19:38,7131.81,5.00000000
21:19:38,7131.81,2.50000000
21:19:37,7131.81,2.14660126
21:19:37,7131.81,0.32571829
21:19:35,7131.81,0.06898951
21:19:35,7131.81,5.00000000
21:19:35,7131.81,0.28288456
21:19:34,7131.81,0.01999998
21:19:32,7131.81,0.01999998
21:19:30,7131.81,0.03096737
21:19:30,7131.81,8.00000000
21:19:29,7131.81,8.00000000
21:19:28,7131.81,8.00000000
21:21:48,7150.52,0.32229753

21:21:48,7150.52,0.31106000
21:21:48,7150.00,0.50000000
21:21:48,7150.00,0.62561203
21:21:47,7150.00,0.15860942
21:21:45,7150.00,0.00495000
21:21:36,7138.50,0.50623695
21:21:35,7148.50,0.17600000
21:22:21,7157.77,2.21334672

21:22:21,7156.57,0.00666934
21:22:21,7156.01,0.06065678
21:22:21,7156.00,0.02500000
21:22:21,7155.01,0.01832716
21:22:21,7153.10,0.07851507
21:22:18,7153.10,0.09748493
21:22:17,7155.01,4.66776602
21:22:17,7154.00,0.33223398
21:22:16,7153.81,0.08167284
21:22:16,7152.00,0.02500000
21:22:16,7152.00,0.00111691
21:22:15,7151.60,0.02500000
21:22:15,7151.59,0.80000000
21:22:15,7151.60,0.46400853
21:22:13,7151.60,0.92590592
21:22:10,7140.00,0.24206571
21:22:07,7140.00,0.03295288
21:22:05,7150.52,0.00495000
21:22:04,7150.52,0.11793429
21:22:04,7150.00,0.07903516
21:22:04,7150.00,0.05303055
21:21:49,7150.00,0.58242102
21:21:48,7150.00,0.32229753
21:21:48,7138.50,0.31106000
21:21:48,7148.50,0.50000000
21:23:02,7149.82,0.02057783

21:22:54,7149.83,0.77750548
21:22:53,7158.00,0.65700000
21:22:53,7158.00,0.21900000
21:22:53,7156.11,0.66700000
21:22:53,7154.41,2.20000000
21:22:53,7154.41,0.27100000
21:22:53,7157.77,0.00849452
21:22:53,7157.77,0.20000000
21:22:46,7156.57,0.00495000
21:22:43,7156.01,0.00840000
21:22:41,7156.00,0.00495000
21:22:41,7155.01,0.06353293
21:22:40,7153.10,0.02500000
21:22:38,7153.10,0.01657561
21:22:38,7155.01,0.01515000
21:22:35,7154.00,0.00495000
21:22:31,7153.81,0.00990000
21:22:29,7152.00,0.49494848
21:22:21,7152.00,2.21334672
21:22:21,7151.60,0.00666934
21:22:21,7151.59,0.06065678
21:22:21,7151.60,0.02500000
21:22:21,7151.60,0.01832716
21:22:21,7140.00,0.07851507
21:22:18,7140.00,0.09748493
21:22:17,7150.52,4.66776602
21:22:17,7150.52,0.33223398
21:22:16,7150.00,0.08167284
21:22:16,7150.00,0.02500000
21:22:16,7150.00,0.00111691
21:22:15,7150.00,0.02500000
21:22:15,7138.50,0.80000000
21:22:15,7148.50,0.46400853
21:23:31,7149.83,0.00494000

21:23:21,7123.63,0.00495000
21:23:16,7128.87,0.00495000
21:23:15,7128.87,8.06513554
21:23:14,7128.87,0.23209620
21:23:14,7140.00,0.23300000
21:23:14,7140.00,1.38610000
21:24:07,7135.00,0.00225863

21:24:04,7135.00,0.13001822
21:24:04,7135.00,0.07922100
21:24:02,7155.53,0.94134763
21:24:01,7149.83,0.15300000
21:24:01,7138.93,0.16000000
21:24:00,7139.93,2.50000000
21:23:57,7140.43,0.04758368
21:23:48,7149.83,0.15440257
21:23:48,7123.63,0.72161707
21:23:47,7128.87,1.12398036
21:23:47,7128.87,0.65700000
21:23:47,7128.87,0.19800000
21:23:47,7140.00,0.17600000
21:23:47,7140.00,0.66700000
21:24:45,7135.00,0.13001822

21:24:41,7135.00,0.02725174
21:24:40,7135.00,0.01046127
21:24:39,7135.00,0.04569633
21:24:38,7135.00,0.53029519
21:24:24,7135.00,0.13100000
21:24:23,7135.00,0.12400000
21:24:23,7135.00,0.10900000
21:24:22,7135.00,0.10500000
21:24:07,7135.00,0.00225863
21:24:04,7155.53,0.13001822
21:24:04,7149.83,0.07922100
21:24:02,7138.93,0.94134763
21:24:01,7139.93,0.15300000
21:24:01,7140.43,0.16000000
21:24:00,7149.83,2.50000000
21:23:57,7123.63,0.04758368
21:23:48,7128.87,0.15440257
21:23:48,7128.87,0.72161707
21:23:47,7128.87,1.12398036
21:23:47,7140.00,0.65700000
21:23:47,7140.00,0.19800000
21:25:20,7134.79,0.10417012

21:25:20,7125.13,0.17600000
21:25:13,7123.63,0.02200000
21:25:12,7123.63,0.02100000
21:25:11,7123.63,0.02600000
21:25:10,7123.63,0.02600000
21:25:10,7133.77,1.00000000
21:25:53,7134.51,0.00878298

21:25:48,7120.58,0.17800000
21:25:48,7120.35,0.05336816
21:25:48,7120.08,0.13500000
21:25:40,7121.85,0.00879322
21:25:38,7134.79,0.06320154
21:25:27,7125.13,0.17800000
21:25:27,7123.63,0.12900000
21:25:27,7123.63,0.01900000
21:25:20,7123.63,0.10417012
21:25:20,7123.63,0.17600000
21:25:13,7133.77,0.02200000
21:26:36,7120.56,0.17600000

21:26:36,7119.06,0.00878318
21:26:31,7120.90,0.14083515
21:26:30,7111.67,0.27484684
21:26:30,7117.57,0.58431801
21:26:29,7117.57,0.14083515
21:26:27,7134.90,0.10000000
21:26:26,7134.51,0.04085831
21:26:22,7120.58,0.00785374
21:26:18,7120.35,0.64800000
21:26:18,7120.08,0.18000000
21:26:18,7121.85,0.01685816
21:26:18,7134.79,0.17600000
21:26:18,7125.13,0.01120678
21:26:12,7123.63,0.06390963
21:26:08,7123.63,1.39961676
21:26:04,7123.63,0.01027498
21:25:53,7123.63,0.00878298
21:25:48,7133.77,0.17800000
21:27:10,7100.00,0.02404499

21:27:10,7100.00,0.07323510
21:27:10,7100.00,0.10000000
21:27:09,7100.00,0.00160000
21:27:39,7097.11,0.00500000

21:27:30,7086.08,0.00500000
21:27:29,7095.11,0.61194679
21:27:26,7095.11,0.75082031
21:27:20,7100.00,0.00500000
21:27:20,7100.00,0.07051262
21:27:15,7100.00,0.02500000
21:27:14,7100.00,0.01100000
21:27:12,7100.00,0.01400000
21:28:19,7096.96,2.00000000

21:28:01,7096.06,0.00500000
21:27:55,7097.11,0.00500000
21:27:50,7086.08,0.00500000
21:27:48,7095.11,0.31779286
21:27:48,7095.11,0.07551262
21:27:46,7100.00,0.10002452
21:27:44,7100.00,0.00500000
21:27:39,7100.00,0.00500000
21:27:30,7100.00,0.61194679
21:27:29,7100.00,0.75082031
21:28:53,7080.00,0.24568055

21:28:52,7080.00,0.44216076
21:28:51,7080.00,0.07733500
21:28:51,7079.99,0.01304571
21:28:50,7080.00,0.02800000
21:28:50,7080.00,0.55652926
21:28:48,7080.00,0.02800000
21:28:46,7080.00,0.02800000
21:28:44,7080.00,0.02800000
21:28:42,7080.00,0.02800000
21:28:41,7080.13,0.02800000
21:28:40,7080.13,0.01454802
21:28:38,7079.78,0.02800000
21:28:36,7078.94,0.01999998
21:28:35,7078.94,0.02800000
21:28:34,7080.24,0.08777757
21:28:33,7080.14,0.24382340
21:28:33,7080.14,0.17700000
21:28:33,7080.14,0.02800000
21:28:32,7080.14,0.00112147
21:28:32,7080.15,0.21882333
21:29:32,7083.66,0.98619304

21:29:31,7082.00,0.18500000
21:29:31,7081.50,0.17700000
21:29:31,7081.00,0.06970000
21:29:31,7081.00,0.16800000
21:29:31,7080.50,0.10804322
21:29:31,7080.50,0.17800000
21:29:29,7080.00,0.13600000
21:29:29,7080.00,0.74469113
21:29:27,7080.00,0.62806341
21:29:11,7080.00,0.01999998
21:29:04,7080.00,0.66922598
21:28:53,7080.00,0.24568055
21:28:52,7080.00,0.44216076
21:28:51,7080.00,0.07733500
21:28:51,7079.99,0.01304571
21:28:50,7080.00,0.02800000
21:28:50,7080.00,0.55652926
21:28:48,7080.00,0.02800000
21:28:46,7080.00,0.02800000
21:28:44,7080.00,0.02800000
21:28:42,7080.00,0.02800000
21:28:41,7080.13,0.02800000
21:28:40,7080.13,0.01454802
21:28:38,7079.78,0.02800000
21:28:36,7078.94,0.01999998
21:28:35,7078.94,0.02800000
21:28:34,7080.24,0.08777757
21:28:33,7080.14,0.24382340
21:28:33,7080.14,0.17700000
21:28:33,7080.14,0.02800000
21:28:32,7080.14,0.00112147
21:28:32,7080.15,0.21882333
21:30:03,7099.62,1.22440460

21:29:47,7095.54,0.20000000
21:29:32,7083.66,0.98619304
21:29:31,7082.00,0.18500000
21:29:31,7081.50,0.17700000
21:29:31,7081.00,0.06970000
21:29:31,7081.00,0.16800000
21:29:31,7080.50,0.10804322
21:29:31,7080.50,0.17800000
21:29:29,7080.00,0.13600000
21:29:29,7080.00,0.74469113
21:29:27,7080.00,0.62806341
21:29:11,7080.00,0.01999998
21:29:04,7080.00,0.66922598
21:28:53,7080.00,0.24568055
21:28:52,7080.00,0.44216076
21:28:51,7080.00,0.07733500
21:28:51,7079.99,0.01304571
21:28:50,7080.00,0.02800000
21:28:50,7080.00,0.55652926
21:28:48,7080.00,0.02800000
21:28:46,7080.00,0.02800000
21:28:44,7080.00,0.02800000
21:28:42,7080.00,0.02800000
21:28:41,7080.13,0.02800000
21:28:40,7080.13,0.01454802
21:28:38,7079.78,0.02800000
21:28:36,7078.94,0.01999998
21:28:35,7078.94,0.02800000
21:28:34,7080.24,0.08777757
21:28:33,7080.14,0.24382340
21:28:33,7080.14,0.17700000
21:28:33,7080.14,0.02800000
21:28:32,7080.14,0.00112147
21:28:32,7080.15,0.21882333
21:30:36,7103.97,0.08373108

21:30:36,7099.68,0.10120246
21:30:33,7094.74,0.00879725
21:30:31,7094.77,1.50000000
21:30:31,7099.68,1.00000000
21:30:27,7099.62,2.00000000
21:31:20,7107.72,0.00433216

21:30:36,7103.97,0.08373108
21:30:36,7099.68,0.10120246
21:30:33,7094.74,0.00879725
21:30:31,7094.77,1.50000000
21:30:31,7099.68,1.00000000
21:30:27,7099.62,2.00000000
21:31:52,7123.63,0.03375896

21:31:48,7115.98,2.25347169
21:31:48,7115.98,0.14181670
21:31:48,7113.64,0.08199998
21:31:46,7113.64,0.01800002
21:31:28,7113.63,1.57318395
21:31:20,7107.72,0.00433216
21:30:36,7103.97,0.08373108
21:30:36,7099.68,0.10120246
21:30:33,7094.74,0.00879725
21:30:31,7094.77,1.50000000
21:30:31,7099.68,1.00000000
21:30:27,7099.62,2.00000000
21:32:22,7130.00,0.06474810

21:32:08,7125.54,0.08126316
21:32:05,7123.64,0.62937545
21:32:04,7123.64,0.03558771
21:32:03,7119.79,0.06441229
21:31:58,7119.79,2.18287719
21:32:50,7132.08,0.04756729

21:32:42,7130.00,0.00874715
21:32:41,7130.00,0.40907390
21:32:41,7130.00,0.09400000
21:32:40,7130.00,0.11500000
21:32:40,7125.54,0.19345157
21:32:31,7123.64,0.01999998
21:32:22,7119.79,0.06474810
21:32:08,7119.79,0.08126316
21:33:30,7124.47,0.16000000

21:33:25,7124.46,0.11425091
21:33:16,7124.46,0.00874816
21:33:15,7124.46,0.00400092
21:32:50,7132.08,0.04756729
21:32:42,7130.00,0.00874715
21:32:41,7130.00,0.40907390
21:32:41,7130.00,0.09400000
21:32:40,7130.00,0.11500000
21:32:40,7125.54,0.19345157
21:32:31,7123.64,0.01999998
21:32:22,7119.79,0.06474810
21:32:08,7119.79,0.08126316
21:33:35,7133.55,0.00874569

21:33:35,7133.55,0.00874569

21:35:06,7133.42,0.00069952

21:35:03,7133.55,0.01587480
21:35:14,7133.42,0.00788222

21:36:08,7129.10,0.14041394

21:36:03,7129.10,0.13012582
21:35:57,7133.42,1.37250000
21:36:13,7128.03,0.99750687

21:36:08,7129.10,0.14041394
21:36:03,7129.10,0.13012582
21:35:57,7133.42,1.37250000
21:37:04,7133.40,0.01590100

21:36:59,7133.35,0.00071000
21:36:58,7128.03,0.30000000
21:36:47,7128.03,0.28082394
21:37:43,7128.01,0.00071000

21:37:36,7128.70,0.00071000
21:37:32,7128.70,0.00071000
21:37:28,7129.81,0.00071000
21:37:28,7129.81,0.12637255
21:37:27,7129.81,0.79408281
21:37:27,7133.40,0.85816803
21:37:22,7133.35,0.00071000
21:37:16,7128.03,0.00071000
21:37:15,7128.03,0.14041197
21:38:03,7133.42,0.13004561

21:37:52,7128.01,0.00071000
21:37:43,7128.01,0.00071000
21:37:36,7128.70,0.00071000
21:37:32,7128.70,0.00071000
21:37:28,7129.81,0.00071000
21:37:28,7129.81,0.12637255
21:37:27,7129.81,0.79408281
21:37:27,7133.40,0.85816803
21:37:22,7133.35,0.00071000
21:37:16,7128.03,0.00071000
21:37:15,7128.03,0.14041197
21:38:53,7128.00,0.00071000

21:38:44,7128.00,0.00071000
21:39:23,7128.00,0.00071000

21:39:10,7128.00,0.72179946
21:38:56,7128.00,0.45647142
21:39:57,7125.01,0.01999998

21:39:50,7125.01,0.01999998
21:39:33,7125.01,0.00874574
21:39:30,7125.01,0.01000000
21:39:28,7128.00,0.56016904
21:39:23,7128.00,0.00071000
21:39:10,7128.00,0.72179946
21:41:35,7128.00,0.50000000

21:41:35,7125.01,0.71156012
21:41:16,7125.00,0.01284132
21:41:58,7133.64,0.10000000

21:41:57,7133.50,0.10000000
21:41:54,7133.44,0.00240000
21:42:44,7143.63,0.22860000

21:42:36,7142.18,0.80000000
21:42:26,7133.64,0.04372800
21:42:24,7133.50,0.05093994
21:42:23,7133.50,0.33002900
21:42:13,7133.44,0.01162497
21:42:45,7137.43,1.09764300

21:42:44,7143.63,0.22860000
21:42:36,7142.18,0.80000000
21:42:26,7133.64,0.04372800
21:42:24,7133.50,0.05093994
21:42:23,7133.50,0.33002900
21:42:13,7133.44,0.01162497
21:43:28,7140.94,0.04391900

21:43:57,7140.94,0.00141272

21:44:51,7130.43,1.00000000

21:43:57,7140.94,0.00141272
21:45:34,7131.92,0.02181881

21:46:20,7128.90,0.00360374

21:46:19,7131.92,0.11639989
21:46:57,7143.04,0.18300000

21:46:52,7131.82,0.10453965
21:46:33,7130.43,0.80000000
21:46:33,7128.90,0.30000000
21:46:33,7128.90,0.20513477
21:47:30,7143.50,0.30000000

21:47:26,7143.47,0.21918667
21:47:26,7142.66,0.21407118
21:47:25,7142.66,0.12559605
21:47:24,7143.63,0.06785584
21:47:24,7142.66,0.57786523
21:47:24,7142.68,0.02868288
21:47:15,7143.04,0.01999998
21:47:14,7131.82,0.01999998
21:47:09,7130.43,0.57786523
21:47:08,7128.90,0.01999998
21:47:07,7128.90,0.01999998
21:48:00,7128.89,0.75849593

21:48:00,7143.49,0.13500000
21:47:59,7143.47,0.07000000
21:47:57,7143.50,1.30703959
21:47:45,7143.47,0.13842689
21:47:43,7142.66,1.00008959
21:47:33,7142.66,0.30695000
21:47:33,7143.63,0.69305000
21:47:30,7142.66,0.30000000
21:47:26,7142.68,0.21918667
21:47:26,7143.04,0.21407118
21:47:25,7131.82,0.12559605
21:47:24,7130.43,0.06785584
21:47:24,7128.90,0.57786523
21:47:24,7128.90,0.02868288
21:48:31,7121.01,0.01999998

21:48:31,7121.00,0.05086985
21:48:20,7125.00,0.00873049
21:49:12,7121.00,0.01999998

21:49:12,7121.01,0.01999998
21:49:03,7121.01,0.00319202
21:48:57,7121.01,1.14505427
21:48:45,7121.00,0.01999998
21:48:31,7125.00,0.01999998
21:49:45,7121.00,0.75939851

21:49:40,7121.00,0.04297858
21:49:24,7121.00,0.56328426
21:49:16,7121.00,0.01999998
21:49:15,7121.01,0.01999998
21:49:12,7121.01,0.01999998
21:49:03,7121.00,0.00319202
21:48:57,7125.00,1.14505427
21:50:16,7107.64,0.00500000

21:50:05,7102.95,0.03500006
21:49:57,7102.95,0.01999998
21:49:56,7102.95,0.01999998
21:50:48,7103.03,0.64200000

21:50:48,7112.54,0.04000000
21:50:48,7107.64,0.00500000
21:50:41,7102.95,0.00874489
21:50:16,7102.95,0.00500000
21:50:05,7102.95,0.03500006
21:51:15,7103.16,1.15800433

21:51:15,7103.16,0.10000000
21:51:10,7103.16,1.00000000
21:51:10,7102.85,1.85498396
21:51:08,7103.03,0.63240551
21:51:07,7112.54,0.02153625
21:51:07,7107.64,0.11300000
21:51:06,7102.95,0.00874460
21:50:48,7102.95,0.64200000
21:50:48,7102.95,0.04000000
21:51:30,7105.16,0.14000000

21:52:26,7132.41,0.56499375

21:52:25,7130.93,0.10000000
21:52:25,7130.03,0.32350625
21:52:24,7129.37,0.01040000
21:52:22,7128.90,0.00110000
21:52:13,7121.35,0.30900000
21:51:30,7105.16,0.14000000
21:52:53,7130.86,1.89445663

21:52:50,7130.85,0.24847317
21:52:49,7132.85,0.05988564
21:52:48,7132.86,0.12211436
21:52:48,7132.85,0.17500000
21:52:44,7132.41,1.89445663
21:52:43,7130.93,0.30835881
21:52:40,7130.03,0.00870120
21:52:39,7129.37,1.00000000
21:52:26,7128.90,0.56499375
21:52:25,7121.35,0.10000000
21:52:25,7105.16,0.32350625
21:53:24,7122.74,0.35000000

21:53:21,7122.74,0.04100000
21:53:21,7122.74,0.04300000
21:53:20,7122.74,0.04100000
21:53:20,7122.74,0.05000000
21:53:19,7131.45,0.04800000
21:53:39,7122.74,0.00260000

21:53:38,7122.74,0.06253354
21:53:38,7122.74,0.41600000
21:53:24,7122.74,0.35000000
21:53:21,7122.74,0.04100000
21:53:21,7122.74,0.04300000
21:53:20,7122.74,0.04100000
21:53:20,7131.45,0.05000000
21:54:30,7137.46,0.80000000

21:54:19,7129.88,0.32330000
21:54:09,7129.27,0.80000000
21:54:09,7125.56,0.18200000
21:54:09,7125.06,0.17500000
21:54:09,7124.24,0.12099536
21:54:09,7123.56,0.33200000
21:53:39,7122.74,0.00260000
21:53:38,7122.74,0.06253354
21:53:38,7122.74,0.41600000
21:53:24,7122.74,0.35000000
21:53:21,7122.74,0.04100000
21:53:21,7122.74,0.04300000
21:53:20,7122.74,0.04100000
21:53:20,7131.45,0.05000000
21:55:06,7121.41,0.52674280

21:55:06,7141.47,0.03300000
21:55:05,7139.48,0.07700557
21:55:41,7128.58,2.27642711

21:55:40,7141.38,0.13400000
21:55:24,7121.41,0.53694382
21:55:22,7141.47,0.18200000
21:55:22,7139.48,0.01300000
21:56:15,7125.01,0.01500000

21:56:07,7128.57,0.00100000
21:56:07,7128.58,0.01400000
21:55:56,7128.58,2e-8.00000000
21:55:55,7141.38,0.01300000
21:55:55,7121.41,0.01334908
21:55:41,7141.47,2.27642711
21:55:40,7139.48,0.13400000
21:56:47,7124.97,0.59700000

21:56:47,7124.96,1.70300000
21:56:46,7124.95,0.20000000
21:56:47,7124.97,0.59700000

21:56:47,7124.96,1.70300000
21:56:46,7124.95,0.20000000
21:57:49,7124.97,0.04151982

21:56:47,7124.96,0.59700000
21:56:47,7124.95,1.70300000
21:58:20,7115.00,0.01967093

21:58:17,7114.99,2.27622146
21:58:17,7114.99,0.13400000
21:59:00,7115.00,0.79960693

21:58:50,7115.00,0.83526634
21:58:40,7115.00,0.58658880
21:58:40,7114.99,1.04151920
21:58:39,7114.99,2.47928080
21:58:35,7114.99,1.47920000
21:58:31,7114.99,0.01500000
21:58:30,7114.99,0.63290975
21:58:30,7114.99,2.46041225
21:58:20,7115.00,0.01967093
21:58:17,7114.99,2.27622146
21:58:17,7114.99,0.13400000
21:59:28,7128.57,0.00866231

21:59:08,7117.00,0.06842771
21:59:08,7117.00,0.18200000
21:59:07,7116.50,0.17500000
21:59:07,7115.00,0.50231647
21:59:00,7115.00,0.79960693
21:58:50,7115.00,0.83526634
21:58:40,7115.00,0.58658880
21:58:40,7114.99,1.04151920
21:58:39,7114.99,2.47928080
21:58:35,7114.99,1.47920000
21:58:31,7114.99,0.01500000
21:58:30,7114.99,0.63290975
21:58:30,7114.99,2.46041225
21:58:20,7115.00,0.01967093
21:58:17,7114.99,2.27622146
21:58:17,7114.99,0.13400000
22:00:03,7135.00,0.21388991

22:00:00,7138.53,0.00352604
22:00:16,7134.98,0.00866313

22:00:14,7135.00,0.17085027
22:00:03,7138.53,0.21388991
22:01:05,7133.00,0.00867017

22:00:52,7134.98,0.05474550
22:00:51,7135.00,2.32859326
22:00:50,7138.53,0.67140674
22:01:40,7128.00,0.60293765

22:01:21,7128.00,0.01510196
22:02:15,7132.99,0.01423565

22:02:12,7128.00,0.70158095
22:02:08,7128.00,2.47441469
22:02:04,7128.00,0.65917227
22:02:03,7128.00,0.00555200
22:01:40,7128.00,0.60293765
22:02:48,7132.99,0.28302701

22:02:47,7132.99,4.02352850
22:02:47,7132.99,2.00360000
22:02:40,7132.99,0.00770513
22:02:38,7132.99,0.59750014
22:02:38,7132.99,0.12261084
22:02:37,7132.99,0.02373400
22:02:32,7132.99,0.04943796
22:02:20,7132.99,0.00350279
22:02:20,7132.99,0.02606904
22:02:18,7132.99,0.06988083
22:02:15,7128.00,0.01423565
22:02:12,7128.00,0.70158095
22:02:08,7128.00,2.47441469
22:02:04,7128.00,0.65917227
22:02:03,7128.00,0.00555200
22:03:05,7132.99,1.77217481

22:03:36,7132.99,5.00000000

22:03:56,7132.00,0.21398575

22:03:36,7132.99,5.00000000
22:04:39,7129.62,3.80000000

22:05:30,7143.49,0.00867003

22:05:24,7143.49,1.96133450
22:05:19,7143.49,0.05134851
22:05:19,7143.49,0.18990821
22:05:19,7143.48,0.48714032
22:05:18,7141.50,0.52608110
22:05:18,7139.48,0.20901890
22:05:17,7132.99,0.02000000
22:05:16,7132.10,0.02000000
22:05:10,7132.00,0.10302143
22:05:10,7131.00,0.02000000
22:05:10,7129.62,0.34901425
22:06:03,7140.00,0.97995802

22:06:01,7140.00,0.01336115
22:05:53,7140.00,0.61660139
22:05:49,7143.49,0.88112873
22:05:38,7143.49,0.02713440
22:05:30,7143.49,0.00867003
22:05:24,7143.49,1.96133450
22:05:19,7143.49,0.05134851
22:05:19,7143.48,0.18990821
22:05:19,7141.50,0.48714032
22:05:18,7139.48,0.52608110
22:05:18,7132.99,0.20901890
22:05:17,7132.10,0.02000000
22:05:16,7132.00,0.02000000
22:05:10,7131.00,0.10302143
22:05:10,7129.62,0.02000000
22:06:22,7142.36,0.00223456

22:06:09,7140.00,0.13956367
22:07:03,7140.00,0.48911905

22:07:01,7142.36,0.72638100
22:06:22,7140.00,0.00223456
22:07:27,7140.00,1.16699952

22:07:03,7140.00,0.48911905
22:07:01,7142.36,0.72638100
22:06:22,7140.00,0.00223456
22:07:59,7140.00,0.00790000

22:07:48,7140.00,0.03300215
22:07:45,7140.00,1.15751820
22:08:44,7138.99,0.02829364

22:08:41,7131.48,0.23200000
22:08:40,7131.76,0.19900000
22:08:38,7140.00,0.17800000
22:08:27,7140.00,0.01800000
22:08:27,7140.00,0.63700000
22:09:19,7115.01,0.30300000

22:09:14,7120.23,0.07400000
22:09:14,7120.23,0.09000000
22:09:13,7128.99,0.09300000
22:09:12,7118.26,0.10500000
22:09:12,7124.64,0.10500000
22:09:11,7126.14,0.07400000
22:09:11,7127.49,0.02800000
22:09:10,7126.99,0.10900000
22:09:09,7138.99,0.07500000
22:09:09,7131.48,0.02800000
22:09:03,7131.76,0.02800000
22:09:02,7140.00,0.55400000
22:09:01,7140.00,0.20600000
22:09:00,7140.00,0.66500000
22:09:49,7109.47,0.61200000

22:09:42,7109.47,0.00935877
22:09:42,7109.47,0.02228000
22:10:21,7109.47,0.00500000

22:10:21,7109.47,0.05433700
22:10:20,7109.47,0.04371447
22:10:15,7109.47,0.02385129
22:09:49,7109.47,0.61200000
22:10:57,7104.00,0.10000000

22:10:54,7104.00,0.02800000
22:10:53,7104.00,0.25000000
22:10:31,7109.47,0.00223000
22:10:21,7109.47,0.00500000
22:10:21,7109.47,0.05433700
22:10:20,7109.47,0.04371447
22:10:15,7109.47,0.02385129
22:18:24,7133.48,0.00099200

22:18:24,7131.19,0.01999998
22:18:24,7131.19,0.30783819
22:18:24,7133.73,0.01995010
22:18:24,7133.53,0.00496000
22:18:24,7130.00,0.51183732
22:18:24,7133.33,0.05774590
22:18:24,7113.33,0.36236678
22:18:24,7104.00,0.69305000
22:18:24,7104.00,0.00496000
22:18:24,7104.00,2.50000000
22:18:24,7104.00,0.06990845
22:18:23,7104.00,0.01588567
22:18:23,7104.00,2.11835288
22:18:23,7104.00,0.04248688
22:18:23,7104.00,0.11170000
22:18:23,7104.00,0.59020000
22:18:23,7104.00,0.00500000
22:18:23,7104.00,0.43198853
22:18:23,7104.00,0.42186379
22:18:23,7104.00,0.03515532
22:18:23,7104.00,0.01406984
22:18:23,7104.00,0.42574516
22:18:23,7104.00,0.14069843
22:18:23,7104.00,0.42209528
22:18:23,7104.00,0.68787461
22:18:23,7104.00,0.00201637
22:18:23,7104.00,0.07675703
22:18:23,7104.00,0.00981171
22:18:23,7104.00,0.04398570
22:18:23,7104.00,0.02431613
22:18:23,7104.00,1.25000000
22:18:56,7092.99,0.01245737

22:18:53,7092.99,0.01000000
22:18:39,7133.48,0.01000000
22:18:24,7131.19,0.00099200
22:18:24,7131.19,0.01999998
22:18:24,7133.73,0.30783819
22:18:24,7133.53,0.01995010
22:18:24,7130.00,0.00496000
22:18:24,7133.33,0.51183732
22:18:24,7113.33,0.05774590
22:18:24,7104.00,0.36236678
22:18:24,7104.00,0.69305000
22:18:24,7104.00,0.00496000
22:18:24,7104.00,2.50000000
22:18:24,7104.00,0.06990845
22:18:23,7104.00,0.01588567
22:18:23,7104.00,2.11835288
22:18:23,7104.00,0.04248688
22:18:23,7104.00,0.11170000
22:18:23,7104.00,0.59020000
22:18:23,7104.00,0.00500000
22:18:23,7104.00,0.43198853
22:18:23,7104.00,0.42186379
22:18:23,7104.00,0.03515532
22:18:23,7104.00,0.01406984
22:18:23,7104.00,0.42574516
22:18:23,7104.00,0.14069843
22:18:23,7104.00,0.42209528
22:18:23,7104.00,0.68787461
22:18:23,7104.00,0.00201637
22:18:23,7104.00,0.07675703
22:18:23,7104.00,0.00981171
22:18:23,7104.00,0.04398570
22:18:23,7104.00,0.02431613
22:19:28,7108.88,0.00209529

22:19:23,7109.58,0.00198000
22:19:22,7108.89,0.00199358
22:19:20,7108.89,0.69535202
22:19:20,7094.98,0.03000000
22:19:18,7094.98,0.00495000
22:19:13,7094.98,0.00544500
22:19:12,7094.98,0.25000000
22:19:12,7092.99,0.75992452
22:19:06,7092.99,0.01000000
22:18:56,7092.99,0.01245737
22:18:53,7133.48,0.01000000
22:18:39,7131.19,0.01000000
22:18:24,7131.19,0.00099200
22:18:24,7133.73,0.01999998
22:18:24,7133.53,0.30783819
22:18:24,7130.00,0.01995010
22:18:24,7133.33,0.00496000
22:18:24,7113.33,0.51183732
22:18:24,7104.00,0.05774590
22:18:24,7104.00,0.36236678
22:18:24,7104.00,0.69305000
22:18:24,7104.00,0.00496000
22:18:24,7104.00,2.50000000
22:18:24,7104.00,0.06990845
22:18:23,7104.00,0.01588567
22:18:23,7104.00,2.11835288
22:18:23,7104.00,0.04248688
22:18:23,7104.00,0.11170000
22:18:23,7104.00,0.59020000
22:18:23,7104.00,0.00500000
22:18:23,7104.00,0.43198853
22:18:23,7104.00,0.42186379
22:18:23,7104.00,0.03515532
22:18:23,7104.00,0.01406984
22:18:23,7104.00,0.42574516
22:18:23,7104.00,0.14069843
22:18:23,7104.00,0.42209528
22:18:23,7104.00,0.68787461
22:18:23,7104.00,0.00201637
22:18:23,7104.00,0.07675703
22:18:23,7104.00,0.00981171
22:18:23,7104.00,0.04398570
22:20:18,7119.84,0.00490504

22:20:48,7121.79,0.20000000

22:20:29,7119.82,0.02237416
22:20:28,7119.82,0.00198000
22:20:23,7119.82,0.00495000
22:20:18,7119.84,0.00490504
22:20:48,7121.79,0.20000000

22:20:29,7119.82,0.02237416
22:20:28,7119.82,0.00198000
22:20:23,7119.82,0.00495000
22:20:18,7119.84,0.00490504
22:22:15,7120.73,0.53850000

22:22:08,7121.80,0.35730088
22:22:59,7132.86,0.03604353

22:22:52,7130.87,0.00200000
22:22:48,7129.70,0.00866230
22:22:44,7120.73,0.64125600
22:22:15,7121.80,0.53850000
